country,population_2024
Germany,84.9
France,66.3
Italy,59.0
Spain,48.8
Poland,37.6
Netherlands,18.0
Romania,19.1
Belgium,11.8
Sweden,10.6
Czechia,11.0
Austria,9.2
Portugal,10.7
Greece,9.9
Hungary,9.6
Denmark,6.0
Ireland,5.5
Bulgaria,6.4
Finland,5.6
Slovakia,5.4
Croatia,3.9
Lithuania,2.9
Slovenia,2.1
Latvia,1.9
Cyprus,1.3
Estonia,1.4
Luxembourg,0.7
Malta,0.6
